Date,Content,Video title,Video publish time,Duration,Views
2026-06-19,6MzW11df67w,What If Every Water Source Lost 1% Percent a Day? #animatedexplainer #shorts #shortvideo,"Jul 11, 2026",37,0
2026-06-20,6MzW11df67w,What If Every Water Source Lost 1% Percent a Day? #animatedexplainer #shorts #shortvideo,"Jul 11, 2026",37,0
2026-06-21,6MzW11df67w,What If Every Water Source Lost 1% Percent a Day? #animatedexplainer #shorts #shortvideo,"Jul 11, 2026",37,0
2026-06-22,6MzW11df67w,What If Every Water Source Lost 1% Percent a Day? #animatedexplainer #shorts #shortvideo,"Jul 11, 2026",37,0
2026-06-23,6MzW11df67w,What If Every Water Source Lost 1% Percent a Day? #animatedexplainer #shorts #shortvideo,"Jul 11, 2026",37,0
2026-06-24,6MzW11df67w,What If Every Water Source Lost 1% Percent a Day? #animatedexplainer #shorts #shortvideo,"Jul 11, 2026",37,0
2026-06-25,6MzW11df67w,What If Every Water Source Lost 1% Percent a Day? #animatedexplainer #shorts #shortvideo,"Jul 11, 2026",37,0
2026-06-26,6MzW11df67w,What If Every Water Source Lost 1% Percent a Day? #animatedexplainer #shorts #shortvideo,"Jul 11, 2026",37,0
2026-06-27,6MzW11df67w,What If Every Water Source Lost 1% Percent a Day? #animatedexplainer #shorts #shortvideo,"Jul 11, 2026",37,0
2026-06-28,6MzW11df67w,What If Every Water Source Lost 1% Percent a Day? #animatedexplainer #shorts #shortvideo,"Jul 11, 2026",37,0
2026-06-29,6MzW11df67w,What If Every Water Source Lost 1% Percent a Day? #animatedexplainer #shorts #shortvideo,"Jul 11, 2026",37,0
2026-06-30,6MzW11df67w,What If Every Water Source Lost 1% Percent a Day? #animatedexplainer #shorts #shortvideo,"Jul 11, 2026",37,0
2026-07-01,6MzW11df67w,What If Every Water Source Lost 1% Percent a Day? #animatedexplainer #shorts #shortvideo,"Jul 11, 2026",37,0
2026-07-02,6MzW11df67w,What If Every Water Source Lost 1% Percent a Day? #animatedexplainer #shorts #shortvideo,"Jul 11, 2026",37,0
2026-07-03,6MzW11df67w,What If Every Water Source Lost 1% Percent a Day? #animatedexplainer #shorts #shortvideo,"Jul 11, 2026",37,0
2026-07-04,6MzW11df67w,What If Every Water Source Lost 1% Percent a Day? #animatedexplainer #shorts #shortvideo,"Jul 11, 2026",37,0
2026-07-05,6MzW11df67w,What If Every Water Source Lost 1% Percent a Day? #animatedexplainer #shorts #shortvideo,"Jul 11, 2026",37,0
2026-07-06,6MzW11df67w,What If Every Water Source Lost 1% Percent a Day? #animatedexplainer #shorts #shortvideo,"Jul 11, 2026",37,0
2026-07-07,6MzW11df67w,What If Every Water Source Lost 1% Percent a Day? #animatedexplainer #shorts #shortvideo,"Jul 11, 2026",37,0
2026-07-08,6MzW11df67w,What If Every Water Source Lost 1% Percent a Day? #animatedexplainer #shorts #shortvideo,"Jul 11, 2026",37,0
2026-07-09,6MzW11df67w,What If Every Water Source Lost 1% Percent a Day? #animatedexplainer #shorts #shortvideo,"Jul 11, 2026",37,0
2026-07-10,6MzW11df67w,What If Every Water Source Lost 1% Percent a Day? #animatedexplainer #shorts #shortvideo,"Jul 11, 2026",37,0
2026-07-11,6MzW11df67w,What If Every Water Source Lost 1% Percent a Day? #animatedexplainer #shorts #shortvideo,"Jul 11, 2026",37,1126
2026-07-12,6MzW11df67w,What If Every Water Source Lost 1% Percent a Day? #animatedexplainer #shorts #shortvideo,"Jul 11, 2026",37,1
2026-07-13,6MzW11df67w,What If Every Water Source Lost 1% Percent a Day? #animatedexplainer #shorts #shortvideo,"Jul 11, 2026",37,2
2026-07-14,6MzW11df67w,What If Every Water Source Lost 1% Percent a Day? #animatedexplainer #shorts #shortvideo,"Jul 11, 2026",37,1
2026-07-15,6MzW11df67w,What If Every Water Source Lost 1% Percent a Day? #animatedexplainer #shorts #shortvideo,"Jul 11, 2026",37,0
2026-07-16,6MzW11df67w,What If Every Water Source Lost 1% Percent a Day? #animatedexplainer #shorts #shortvideo,"Jul 11, 2026",37,0
2026-06-19,9DfYYTS7ub0,What If Earth's Atmosphere Lost 1% of Its Oxygen? #animatedexplainer #shorts #shortvideo,"Jul 8, 2026",48,0
2026-06-20,9DfYYTS7ub0,What If Earth's Atmosphere Lost 1% of Its Oxygen? #animatedexplainer #shorts #shortvideo,"Jul 8, 2026",48,0
2026-06-21,9DfYYTS7ub0,What If Earth's Atmosphere Lost 1% of Its Oxygen? #animatedexplainer #shorts #shortvideo,"Jul 8, 2026",48,0
2026-06-22,9DfYYTS7ub0,What If Earth's Atmosphere Lost 1% of Its Oxygen? #animatedexplainer #shorts #shortvideo,"Jul 8, 2026",48,0
2026-06-23,9DfYYTS7ub0,What If Earth's Atmosphere Lost 1% of Its Oxygen? #animatedexplainer #shorts #shortvideo,"Jul 8, 2026",48,0
2026-06-24,9DfYYTS7ub0,What If Earth's Atmosphere Lost 1% of Its Oxygen? #animatedexplainer #shorts #shortvideo,"Jul 8, 2026",48,0
2026-06-25,9DfYYTS7ub0,What If Earth's Atmosphere Lost 1% of Its Oxygen? #animatedexplainer #shorts #shortvideo,"Jul 8, 2026",48,0
2026-06-26,9DfYYTS7ub0,What If Earth's Atmosphere Lost 1% of Its Oxygen? #animatedexplainer #shorts #shortvideo,"Jul 8, 2026",48,0
2026-06-27,9DfYYTS7ub0,What If Earth's Atmosphere Lost 1% of Its Oxygen? #animatedexplainer #shorts #shortvideo,"Jul 8, 2026",48,0
2026-06-28,9DfYYTS7ub0,What If Earth's Atmosphere Lost 1% of Its Oxygen? #animatedexplainer #shorts #shortvideo,"Jul 8, 2026",48,0
2026-06-29,9DfYYTS7ub0,What If Earth's Atmosphere Lost 1% of Its Oxygen? #animatedexplainer #shorts #shortvideo,"Jul 8, 2026",48,0
2026-06-30,9DfYYTS7ub0,What If Earth's Atmosphere Lost 1% of Its Oxygen? #animatedexplainer #shorts #shortvideo,"Jul 8, 2026",48,0
2026-07-01,9DfYYTS7ub0,What If Earth's Atmosphere Lost 1% of Its Oxygen? #animatedexplainer #shorts #shortvideo,"Jul 8, 2026",48,0
2026-07-02,9DfYYTS7ub0,What If Earth's Atmosphere Lost 1% of Its Oxygen? #animatedexplainer #shorts #shortvideo,"Jul 8, 2026",48,0
2026-07-03,9DfYYTS7ub0,What If Earth's Atmosphere Lost 1% of Its Oxygen? #animatedexplainer #shorts #shortvideo,"Jul 8, 2026",48,0
2026-07-04,9DfYYTS7ub0,What If Earth's Atmosphere Lost 1% of Its Oxygen? #animatedexplainer #shorts #shortvideo,"Jul 8, 2026",48,0
2026-07-05,9DfYYTS7ub0,What If Earth's Atmosphere Lost 1% of Its Oxygen? #animatedexplainer #shorts #shortvideo,"Jul 8, 2026",48,0
2026-07-06,9DfYYTS7ub0,What If Earth's Atmosphere Lost 1% of Its Oxygen? #animatedexplainer #shorts #shortvideo,"Jul 8, 2026",48,0
2026-07-07,9DfYYTS7ub0,What If Earth's Atmosphere Lost 1% of Its Oxygen? #animatedexplainer #shorts #shortvideo,"Jul 8, 2026",48,0
2026-07-08,9DfYYTS7ub0,What If Earth's Atmosphere Lost 1% of Its Oxygen? #animatedexplainer #shorts #shortvideo,"Jul 8, 2026",48,1108
2026-07-09,9DfYYTS7ub0,What If Earth's Atmosphere Lost 1% of Its Oxygen? #animatedexplainer #shorts #shortvideo,"Jul 8, 2026",48,9
2026-07-10,9DfYYTS7ub0,What If Earth's Atmosphere Lost 1% of Its Oxygen? #animatedexplainer #shorts #shortvideo,"Jul 8, 2026",48,2
2026-07-11,9DfYYTS7ub0,What If Earth's Atmosphere Lost 1% of Its Oxygen? #animatedexplainer #shorts #shortvideo,"Jul 8, 2026",48,0
2026-07-12,9DfYYTS7ub0,What If Earth's Atmosphere Lost 1% of Its Oxygen? #animatedexplainer #shorts #shortvideo,"Jul 8, 2026",48,0
2026-07-13,9DfYYTS7ub0,What If Earth's Atmosphere Lost 1% of Its Oxygen? #animatedexplainer #shorts #shortvideo,"Jul 8, 2026",48,0
2026-07-14,9DfYYTS7ub0,What If Earth's Atmosphere Lost 1% of Its Oxygen? #animatedexplainer #shorts #shortvideo,"Jul 8, 2026",48,0
2026-07-15,9DfYYTS7ub0,What If Earth's Atmosphere Lost 1% of Its Oxygen? #animatedexplainer #shorts #shortvideo,"Jul 8, 2026",48,1
2026-07-16,9DfYYTS7ub0,What If Earth's Atmosphere Lost 1% of Its Oxygen? #animatedexplainer #shorts #shortvideo,"Jul 8, 2026",48,0
2026-06-19,R9mJeHL1ET0,Can You Name All 3 Planets From a Close-Up? 🪐 #shorts #gaming #astrology,"Jul 13, 2026",31,0
2026-06-20,R9mJeHL1ET0,Can You Name All 3 Planets From a Close-Up? 🪐 #shorts #gaming #astrology,"Jul 13, 2026",31,0
2026-06-21,R9mJeHL1ET0,Can You Name All 3 Planets From a Close-Up? 🪐 #shorts #gaming #astrology,"Jul 13, 2026",31,0
2026-06-22,R9mJeHL1ET0,Can You Name All 3 Planets From a Close-Up? 🪐 #shorts #gaming #astrology,"Jul 13, 2026",31,0
2026-06-23,R9mJeHL1ET0,Can You Name All 3 Planets From a Close-Up? 🪐 #shorts #gaming #astrology,"Jul 13, 2026",31,0
2026-06-24,R9mJeHL1ET0,Can You Name All 3 Planets From a Close-Up? 🪐 #shorts #gaming #astrology,"Jul 13, 2026",31,0
2026-06-25,R9mJeHL1ET0,Can You Name All 3 Planets From a Close-Up? 🪐 #shorts #gaming #astrology,"Jul 13, 2026",31,0
2026-06-26,R9mJeHL1ET0,Can You Name All 3 Planets From a Close-Up? 🪐 #shorts #gaming #astrology,"Jul 13, 2026",31,0
2026-06-27,R9mJeHL1ET0,Can You Name All 3 Planets From a Close-Up? 🪐 #shorts #gaming #astrology,"Jul 13, 2026",31,0
2026-06-28,R9mJeHL1ET0,Can You Name All 3 Planets From a Close-Up? 🪐 #shorts #gaming #astrology,"Jul 13, 2026",31,0
2026-06-29,R9mJeHL1ET0,Can You Name All 3 Planets From a Close-Up? 🪐 #shorts #gaming #astrology,"Jul 13, 2026",31,0
2026-06-30,R9mJeHL1ET0,Can You Name All 3 Planets From a Close-Up? 🪐 #shorts #gaming #astrology,"Jul 13, 2026",31,0
2026-07-01,R9mJeHL1ET0,Can You Name All 3 Planets From a Close-Up? 🪐 #shorts #gaming #astrology,"Jul 13, 2026",31,0
2026-07-02,R9mJeHL1ET0,Can You Name All 3 Planets From a Close-Up? 🪐 #shorts #gaming #astrology,"Jul 13, 2026",31,0
2026-07-03,R9mJeHL1ET0,Can You Name All 3 Planets From a Close-Up? 🪐 #shorts #gaming #astrology,"Jul 13, 2026",31,0
2026-07-04,R9mJeHL1ET0,Can You Name All 3 Planets From a Close-Up? 🪐 #shorts #gaming #astrology,"Jul 13, 2026",31,0
2026-07-05,R9mJeHL1ET0,Can You Name All 3 Planets From a Close-Up? 🪐 #shorts #gaming #astrology,"Jul 13, 2026",31,0
2026-07-06,R9mJeHL1ET0,Can You Name All 3 Planets From a Close-Up? 🪐 #shorts #gaming #astrology,"Jul 13, 2026",31,0
2026-07-07,R9mJeHL1ET0,Can You Name All 3 Planets From a Close-Up? 🪐 #shorts #gaming #astrology,"Jul 13, 2026",31,0
2026-07-08,R9mJeHL1ET0,Can You Name All 3 Planets From a Close-Up? 🪐 #shorts #gaming #astrology,"Jul 13, 2026",31,0
2026-07-09,R9mJeHL1ET0,Can You Name All 3 Planets From a Close-Up? 🪐 #shorts #gaming #astrology,"Jul 13, 2026",31,0
2026-07-10,R9mJeHL1ET0,Can You Name All 3 Planets From a Close-Up? 🪐 #shorts #gaming #astrology,"Jul 13, 2026",31,0
2026-07-11,R9mJeHL1ET0,Can You Name All 3 Planets From a Close-Up? 🪐 #shorts #gaming #astrology,"Jul 13, 2026",31,0
2026-07-12,R9mJeHL1ET0,Can You Name All 3 Planets From a Close-Up? 🪐 #shorts #gaming #astrology,"Jul 13, 2026",31,0
2026-07-13,R9mJeHL1ET0,Can You Name All 3 Planets From a Close-Up? 🪐 #shorts #gaming #astrology,"Jul 13, 2026",31,618
2026-07-14,R9mJeHL1ET0,Can You Name All 3 Planets From a Close-Up? 🪐 #shorts #gaming #astrology,"Jul 13, 2026",31,8
2026-07-15,R9mJeHL1ET0,Can You Name All 3 Planets From a Close-Up? 🪐 #shorts #gaming #astrology,"Jul 13, 2026",31,0
2026-07-16,R9mJeHL1ET0,Can You Name All 3 Planets From a Close-Up? 🪐 #shorts #gaming #astrology,"Jul 13, 2026",31,1
2026-06-19,Ts1QHxLBrDI,Why Earth Is Suspiciously Perfect For Life #shorts #earth #space #astrology #shortvideo,"Jul 12, 2026",52,0
2026-06-20,Ts1QHxLBrDI,Why Earth Is Suspiciously Perfect For Life #shorts #earth #space #astrology #shortvideo,"Jul 12, 2026",52,0
2026-06-21,Ts1QHxLBrDI,Why Earth Is Suspiciously Perfect For Life #shorts #earth #space #astrology #shortvideo,"Jul 12, 2026",52,0
2026-06-22,Ts1QHxLBrDI,Why Earth Is Suspiciously Perfect For Life #shorts #earth #space #astrology #shortvideo,"Jul 12, 2026",52,0
2026-06-23,Ts1QHxLBrDI,Why Earth Is Suspiciously Perfect For Life #shorts #earth #space #astrology #shortvideo,"Jul 12, 2026",52,0
2026-06-24,Ts1QHxLBrDI,Why Earth Is Suspiciously Perfect For Life #shorts #earth #space #astrology #shortvideo,"Jul 12, 2026",52,0
2026-06-25,Ts1QHxLBrDI,Why Earth Is Suspiciously Perfect For Life #shorts #earth #space #astrology #shortvideo,"Jul 12, 2026",52,0
2026-06-26,Ts1QHxLBrDI,Why Earth Is Suspiciously Perfect For Life #shorts #earth #space #astrology #shortvideo,"Jul 12, 2026",52,0
2026-06-27,Ts1QHxLBrDI,Why Earth Is Suspiciously Perfect For Life #shorts #earth #space #astrology #shortvideo,"Jul 12, 2026",52,0
2026-06-28,Ts1QHxLBrDI,Why Earth Is Suspiciously Perfect For Life #shorts #earth #space #astrology #shortvideo,"Jul 12, 2026",52,0
2026-06-29,Ts1QHxLBrDI,Why Earth Is Suspiciously Perfect For Life #shorts #earth #space #astrology #shortvideo,"Jul 12, 2026",52,0
2026-06-30,Ts1QHxLBrDI,Why Earth Is Suspiciously Perfect For Life #shorts #earth #space #astrology #shortvideo,"Jul 12, 2026",52,0
2026-07-01,Ts1QHxLBrDI,Why Earth Is Suspiciously Perfect For Life #shorts #earth #space #astrology #shortvideo,"Jul 12, 2026",52,0
2026-07-02,Ts1QHxLBrDI,Why Earth Is Suspiciously Perfect For Life #shorts #earth #space #astrology #shortvideo,"Jul 12, 2026",52,0
2026-07-03,Ts1QHxLBrDI,Why Earth Is Suspiciously Perfect For Life #shorts #earth #space #astrology #shortvideo,"Jul 12, 2026",52,0
2026-07-04,Ts1QHxLBrDI,Why Earth Is Suspiciously Perfect For Life #shorts #earth #space #astrology #shortvideo,"Jul 12, 2026",52,0
2026-07-05,Ts1QHxLBrDI,Why Earth Is Suspiciously Perfect For Life #shorts #earth #space #astrology #shortvideo,"Jul 12, 2026",52,0
2026-07-06,Ts1QHxLBrDI,Why Earth Is Suspiciously Perfect For Life #shorts #earth #space #astrology #shortvideo,"Jul 12, 2026",52,0
2026-07-07,Ts1QHxLBrDI,Why Earth Is Suspiciously Perfect For Life #shorts #earth #space #astrology #shortvideo,"Jul 12, 2026",52,0
2026-07-08,Ts1QHxLBrDI,Why Earth Is Suspiciously Perfect For Life #shorts #earth #space #astrology #shortvideo,"Jul 12, 2026",52,0
2026-07-09,Ts1QHxLBrDI,Why Earth Is Suspiciously Perfect For Life #shorts #earth #space #astrology #shortvideo,"Jul 12, 2026",52,0
2026-07-10,Ts1QHxLBrDI,Why Earth Is Suspiciously Perfect For Life #shorts #earth #space #astrology #shortvideo,"Jul 12, 2026",52,0
2026-07-11,Ts1QHxLBrDI,Why Earth Is Suspiciously Perfect For Life #shorts #earth #space #astrology #shortvideo,"Jul 12, 2026",52,0
2026-07-12,Ts1QHxLBrDI,Why Earth Is Suspiciously Perfect For Life #shorts #earth #space #astrology #shortvideo,"Jul 12, 2026",52,850
2026-07-13,Ts1QHxLBrDI,Why Earth Is Suspiciously Perfect For Life #shorts #earth #space #astrology #shortvideo,"Jul 12, 2026",52,46
2026-07-14,Ts1QHxLBrDI,Why Earth Is Suspiciously Perfect For Life #shorts #earth #space #astrology #shortvideo,"Jul 12, 2026",52,2
2026-07-15,Ts1QHxLBrDI,Why Earth Is Suspiciously Perfect For Life #shorts #earth #space #astrology #shortvideo,"Jul 12, 2026",52,0
2026-07-16,Ts1QHxLBrDI,Why Earth Is Suspiciously Perfect For Life #shorts #earth #space #astrology #shortvideo,"Jul 12, 2026",52,0
2026-06-19,c0hqgb1x924,Can You Name All 3 Dinosaurs From the Shadow? 🦕 #shorts #shortvideo  #animatedexplainer #dinosaur,"Jul 15, 2026",32,0
2026-06-20,c0hqgb1x924,Can You Name All 3 Dinosaurs From the Shadow? 🦕 #shorts #shortvideo  #animatedexplainer #dinosaur,"Jul 15, 2026",32,0
2026-06-21,c0hqgb1x924,Can You Name All 3 Dinosaurs From the Shadow? 🦕 #shorts #shortvideo  #animatedexplainer #dinosaur,"Jul 15, 2026",32,0
2026-06-22,c0hqgb1x924,Can You Name All 3 Dinosaurs From the Shadow? 🦕 #shorts #shortvideo  #animatedexplainer #dinosaur,"Jul 15, 2026",32,0
2026-06-23,c0hqgb1x924,Can You Name All 3 Dinosaurs From the Shadow? 🦕 #shorts #shortvideo  #animatedexplainer #dinosaur,"Jul 15, 2026",32,0
2026-06-24,c0hqgb1x924,Can You Name All 3 Dinosaurs From the Shadow? 🦕 #shorts #shortvideo  #animatedexplainer #dinosaur,"Jul 15, 2026",32,0
2026-06-25,c0hqgb1x924,Can You Name All 3 Dinosaurs From the Shadow? 🦕 #shorts #shortvideo  #animatedexplainer #dinosaur,"Jul 15, 2026",32,0
2026-06-26,c0hqgb1x924,Can You Name All 3 Dinosaurs From the Shadow? 🦕 #shorts #shortvideo  #animatedexplainer #dinosaur,"Jul 15, 2026",32,0
2026-06-27,c0hqgb1x924,Can You Name All 3 Dinosaurs From the Shadow? 🦕 #shorts #shortvideo  #animatedexplainer #dinosaur,"Jul 15, 2026",32,0
2026-06-28,c0hqgb1x924,Can You Name All 3 Dinosaurs From the Shadow? 🦕 #shorts #shortvideo  #animatedexplainer #dinosaur,"Jul 15, 2026",32,0
2026-06-29,c0hqgb1x924,Can You Name All 3 Dinosaurs From the Shadow? 🦕 #shorts #shortvideo  #animatedexplainer #dinosaur,"Jul 15, 2026",32,0
2026-06-30,c0hqgb1x924,Can You Name All 3 Dinosaurs From the Shadow? 🦕 #shorts #shortvideo  #animatedexplainer #dinosaur,"Jul 15, 2026",32,0
2026-07-01,c0hqgb1x924,Can You Name All 3 Dinosaurs From the Shadow? 🦕 #shorts #shortvideo  #animatedexplainer #dinosaur,"Jul 15, 2026",32,0
2026-07-02,c0hqgb1x924,Can You Name All 3 Dinosaurs From the Shadow? 🦕 #shorts #shortvideo  #animatedexplainer #dinosaur,"Jul 15, 2026",32,0
2026-07-03,c0hqgb1x924,Can You Name All 3 Dinosaurs From the Shadow? 🦕 #shorts #shortvideo  #animatedexplainer #dinosaur,"Jul 15, 2026",32,0
2026-07-04,c0hqgb1x924,Can You Name All 3 Dinosaurs From the Shadow? 🦕 #shorts #shortvideo  #animatedexplainer #dinosaur,"Jul 15, 2026",32,0
2026-07-05,c0hqgb1x924,Can You Name All 3 Dinosaurs From the Shadow? 🦕 #shorts #shortvideo  #animatedexplainer #dinosaur,"Jul 15, 2026",32,0
2026-07-06,c0hqgb1x924,Can You Name All 3 Dinosaurs From the Shadow? 🦕 #shorts #shortvideo  #animatedexplainer #dinosaur,"Jul 15, 2026",32,0
2026-07-07,c0hqgb1x924,Can You Name All 3 Dinosaurs From the Shadow? 🦕 #shorts #shortvideo  #animatedexplainer #dinosaur,"Jul 15, 2026",32,0
2026-07-08,c0hqgb1x924,Can You Name All 3 Dinosaurs From the Shadow? 🦕 #shorts #shortvideo  #animatedexplainer #dinosaur,"Jul 15, 2026",32,0
2026-07-09,c0hqgb1x924,Can You Name All 3 Dinosaurs From the Shadow? 🦕 #shorts #shortvideo  #animatedexplainer #dinosaur,"Jul 15, 2026",32,0
2026-07-10,c0hqgb1x924,Can You Name All 3 Dinosaurs From the Shadow? 🦕 #shorts #shortvideo  #animatedexplainer #dinosaur,"Jul 15, 2026",32,0
2026-07-11,c0hqgb1x924,Can You Name All 3 Dinosaurs From the Shadow? 🦕 #shorts #shortvideo  #animatedexplainer #dinosaur,"Jul 15, 2026",32,0
2026-07-12,c0hqgb1x924,Can You Name All 3 Dinosaurs From the Shadow? 🦕 #shorts #shortvideo  #animatedexplainer #dinosaur,"Jul 15, 2026",32,0
2026-07-13,c0hqgb1x924,Can You Name All 3 Dinosaurs From the Shadow? 🦕 #shorts #shortvideo  #animatedexplainer #dinosaur,"Jul 15, 2026",32,0
2026-07-14,c0hqgb1x924,Can You Name All 3 Dinosaurs From the Shadow? 🦕 #shorts #shortvideo  #animatedexplainer #dinosaur,"Jul 15, 2026",32,0
2026-07-15,c0hqgb1x924,Can You Name All 3 Dinosaurs From the Shadow? 🦕 #shorts #shortvideo  #animatedexplainer #dinosaur,"Jul 15, 2026",32,1490
2026-07-16,c0hqgb1x924,Can You Name All 3 Dinosaurs From the Shadow? 🦕 #shorts #shortvideo  #animatedexplainer #dinosaur,"Jul 15, 2026",32,78
